{
  "$id": "https://www.ory.sh/schemas/default",
  "$schema": "http://json-schema.org/draft-07/schema#",
  "type": "object",
  "properties": {
    "traits": {
      "type": "object",
      "properties": {
        "email": {
          "type": "string",
          "format": "email",
          "title": "E-Mail",
          "description": "The email address.",
          "identifier": true,       
          "ory.sh/kratos": {
            "verification": {
              "via": "email"
            },
            "recovery": {
              "via": "email"
            }
          }
        }
      },
      "required": ["email"],
      "additionalProperties": false
    }
  }
}